call_id,origin,source_dataset,source_group,name,category,sub_category,description,midi_path,source_file,track_index,track_name,start_sec,end_sec,start_tick,end_tick,bpm,meter,bars,duration_sec,note_count,pitch_min,pitch_max,pitch_range,onset_density,mean_ioi,std_ioi,polyphony_rate,has_chord,has_pause,max_internal_pause,has_repetition_tail,has_chromatic_outside,key_root_pc,key_mode,scale_fit,license_note,citation_key,split,fingerprint_sha1
A01,artificial_stress,calls_50,existing_call50,c_pentatonic_balanced,pentatonic_clear_motif,copied_from_call50,Two-bar C major pentatonic motif with balanced upward and downward motion.,D:\Mickey\MFP\ab_tests\calls_100_public_final\calls\A01_c_pentatonic_balanced.mid,D:\Mickey\MFP\ab_tests\calls_50\A01_c_pentatonic_balanced.mid,,,0,4.8,0,3840,100,4/4,2,4.8,14,60,69,9,2.916667,0.334615,0.108547,0,false,false,0.075,false,false,0,major,1,Existing local Call50 benchmark material copied without modifying calls_50.,call50_manifest,base_call50,564dcafbeeb8b9591e3bb90b48c9b9adf594e726
A02,artificial_stress,calls_50,existing_call50,a_minor_pentatonic_question,modal_question,copied_from_call50,"A minor pentatonic call ending high, designed as an unanswered question.",D:\Mickey\MFP\ab_tests\calls_100_public_final\calls\A02_a_minor_pentatonic_question.mid,D:\Mickey\MFP\ab_tests\calls_50\A02_a_minor_pentatonic_question.mid,,,0,5.217392,0,3840,91.999988,4/4,2,5.217392,12,57,69,12,2.3,0.400198,0.141005,0,false,false,0.163043,false,false,0,major,1,Existing local Call50 benchmark material copied without modifying calls_50.,call50_manifest,base_call50,dfd2fb3cbd848cf80d01de80329f7ee3cc9ddfe8
A03,artificial_stress,calls_50,existing_call50,a_blues_tension,blues_chromatic,copied_from_call50,A blues-oriented call with flat-third and blue-note chromatic tension.,D:\Mickey\MFP\ab_tests\calls_100_public_final\calls\A03_a_blues_tension.mid,D:\Mickey\MFP\ab_tests\calls_50\A03_a_blues_tension.mid,,,0,4.444448,0,3840,107.999914,4/4,2,4.444448,13,57,67,10,2.924998,0.300926,0.136946,0,false,false,0.277778,false,true,7,minor,0.923077,Existing local Call50 benchmark material copied without modifying calls_50.,call50_manifest,base_call50,9bd8a929d6c91ccbdb649c2a22248f811be12c35
A04,artificial_stress,calls_50,existing_call50,classical_antecedent,antecedent_half_cadence,copied_from_call50,Classical antecedent phrase ending on the dominant to invite resolution.,D:\Mickey\MFP\ab_tests\calls_100_public_final\calls\A04_classical_antecedent.mid,D:\Mickey\MFP\ab_tests\calls_50\A04_classical_antecedent.mid,,,0,4.8,0,3840,100,4/4,2,4.8,10,60,67,7,2.083333,0.45,0.209165,0,false,false,0.15,false,false,0,major,1,Existing local Call50 benchmark material copied without modifying calls_50.,call50_manifest,base_call50,8041a97b5ec669a1ae409705f871861c16c60788
A05,artificial_stress,calls_50,existing_call50,repetition_tail,repetition_stress_test,copied_from_call50,Normal opening followed by a repeated A tail to test anti-copy controls.,D:\Mickey\MFP\ab_tests\calls_100_public_final\calls\A05_repetition_tail.mid,D:\Mickey\MFP\ab_tests\calls_50\A05_repetition_tail.mid,,,0,4.615384,0,3840,104.000014,4/4,2,4.615384,12,60,69,9,2.6,0.327797,0.197768,0,false,false,0.432692,true,false,0,major,1,Existing local Call50 benchmark material copied without modifying calls_50.,call50_manifest,base_call50,6d9a30a16999d7a9cd3f0ee38d11e8f4b1f7a8a0
A06,artificial_stress,calls_50,existing_call50,syncopated_pop,syncopation,copied_from_call50,Pentatonic call with off-beat entries and tied-feeling durations.,D:\Mickey\MFP\ab_tests\calls_100_public_final\calls\A06_syncopated_pop.mid,D:\Mickey\MFP\ab_tests\calls_50\A06_syncopated_pop.mid,,,0,4.528304,0,3840,105.999951,4/4,2,4.528304,12,60,69,9,2.649999,0.37307,0.090966,0,false,false,0.212264,false,false,0,major,1,Existing local Call50 benchmark material copied without modifying calls_50.,call50_manifest,base_call50,d4b82ac84bebbf1bf0164f5a08a9f8aaf16cb939
A07,artificial_stress,calls_50,existing_call50,sparse_long_tones,sparse_cadential,copied_from_call50,Sparse long-tone call testing whether responses avoid over-fragmentation.,D:\Mickey\MFP\ab_tests\calls_100_public_final\calls\A07_sparse_long_tones.mid,D:\Mickey\MFP\ab_tests\calls_50\A07_sparse_long_tones.mid,,,0,5.454544,0,3840,88.000023,4/4,2,5.454544,6,60,69,9,1.1,0.954545,0.173831,0,false,false,0.340909,false,false,0,major,1,Existing local Call50 benchmark material copied without modifying calls_50.,call50_manifest,base_call50,6d3b2ba66fa637596669e04cd426e5e78848950d
A08,artificial_stress,calls_50,existing_call50,dense_eighth_motion,dense_motion,copied_from_call50,Dense eighth-note pentatonic motion testing rhythmic stability and note count control.,D:\Mickey\MFP\ab_tests\calls_100_public_final\calls\A08_dense_eighth_motion.mid,D:\Mickey\MFP\ab_tests\calls_50\A08_dense_eighth_motion.mid,,,0,4.285712,0,3840,112.00006,4/4,2,4.285712,16,60,69,9,3.733335,0.267857,0,0,false,false,0,false,false,0,major,1,Existing local Call50 benchmark material copied without modifying calls_50.,call50_manifest,base_call50,46b21af442086cef01a22393eb764bbd1382f778
A09,artificial_stress,calls_50,existing_call50,arched_contour,arched_contour,copied_from_call50,"Clear arch contour rising to a peak then returning, testing contour continuation.",D:\Mickey\MFP\ab_tests\calls_100_public_final\calls\A09_arched_contour.mid,D:\Mickey\MFP\ab_tests\calls_50\A09_arched_contour.mid,,,0,5,0,3840,96,4/4,2,5,11,55,72,17,2.2,0.40625,0.143205,0,false,false,0.3125,true,false,0,major,1,Existing local Call50 benchmark material copied without modifying calls_50.,call50_manifest,base_call50,29270484ca40db32042945a293c732b765e1e33b
A10,artificial_stress,calls_50,existing_call50,leap_gap_fill,large_leap_gap_fill,copied_from_call50,Large leaps followed by opposite stepwise gap-fill motion.,D:\Mickey\MFP\ab_tests\calls_100_public_final\calls\A10_leap_gap_fill.mid,D:\Mickey\MFP\ab_tests\calls_50\A10_leap_gap_fill.mid,,,0,4.8,0,3840,100,4/4,2,4.8,13,55,76,21,2.708333,0.35,0.111803,0,false,false,0.15,false,false,0,major,1,Existing local Call50 benchmark material copied without modifying calls_50.,call50_manifest,base_call50,b71a383ea9e9ace0a95e83659afa7dbd194541bf
R01,real_public_dataset,calls_50,existing_call50,390-v1,real_two_bar_monophonic_major_minor,copied_from_call50,Two-bar monophonic melody snippet sampled from public MIDI dataset.,D:\Mickey\MFP\ab_tests\calls_100_public_final\calls\R01_390-v1.mid,D:\Mickey\MFP\ab_tests\calls_50\R01_390-v1.mid,1,MELODY,0,4,0,3840,120,4/4,2,4,13,55,62,7,3.25,0.3125,0.207289,0,false,false,0.411458,true,false,0,major,1,Existing local Call50 benchmark material copied without modifying calls_50.,call50_manifest,base_call50,1195e18e47abd63e4b632b58a05b0ecf6bfba1cd
R02,real_public_dataset,calls_50,existing_call50,667-v3,real_two_bar_monophonic_major_minor,copied_from_call50,Two-bar monophonic melody snippet sampled from public MIDI dataset.,D:\Mickey\MFP\ab_tests\calls_100_public_final\calls\R02_667-v3.mid,D:\Mickey\MFP\ab_tests\calls_50\R02_667-v3.mid,1,MELODY,0,4,0,3840,120,4/4,2,4,8,59,69,10,2,0.357143,0.123718,0,false,true,0.652083,true,false,1,minor,1,Existing local Call50 benchmark material copied without modifying calls_50.,call50_manifest,base_call50,1c5e2ff2c53c69e5c31dba9152cf887f6ef23675
R03,real_public_dataset,calls_50,existing_call50,174-v2,real_two_bar_monophonic_major_minor,copied_from_call50,Two-bar monophonic melody snippet sampled from public MIDI dataset.,D:\Mickey\MFP\ab_tests\calls_100_public_final\calls\R03_174-v2.mid,D:\Mickey\MFP\ab_tests\calls_50\R03_174-v2.mid,1,MELODY,0,4,0,3840,120,4/4,2,4,12,59,69,10,3,0.329545,0.53106,0.00625,true,true,0.503125,true,false,1,minor,1,Existing local Call50 benchmark material copied without modifying calls_50.,call50_manifest,base_call50,771d050138c37c40cbad17b1366c0e1e7643f2a3
R04,real_public_dataset,calls_50,existing_call50,339-v2,real_two_bar_monophonic_major_minor,copied_from_call50,Two-bar monophonic melody snippet sampled from public MIDI dataset.,D:\Mickey\MFP\ab_tests\calls_100_public_final\calls\R04_339-v2.mid,D:\Mickey\MFP\ab_tests\calls_50\R04_339-v2.mid,1,MELODY,0,4,0,3840,120,4/4,2,4,9,71,81,10,2.25,0.28125,0.08268,0,false,true,1.357292,true,false,1,minor,1,Existing local Call50 benchmark material copied without modifying calls_50.,call50_manifest,base_call50,f068367ea688beaadb18b5741f8169fce37a1522
R05,real_public_dataset,calls_50,existing_call50,581,real_two_bar_monophonic_major_minor,copied_from_call50,Two-bar monophonic melody snippet sampled from public MIDI dataset.,D:\Mickey\MFP\ab_tests\calls_100_public_final\calls\R05_581.mid,D:\Mickey\MFP\ab_tests\calls_50\R05_581.mid,1,MELODY,0,4,0,3840,120,4/4,2,4,13,64,71,7,3.25,0.3125,0.108253,0,false,false,0.275,false,false,1,minor,1,Existing local Call50 benchmark material copied without modifying calls_50.,call50_manifest,base_call50,ff81097d3900be2e0979d0b044cca922e91cb546
R06,real_public_dataset,calls_50,existing_call50,132-v2,real_two_bar_monophonic_major_minor,copied_from_call50,Two-bar monophonic melody snippet sampled from public MIDI dataset.,D:\Mickey\MFP\ab_tests\calls_100_public_final\calls\R06_132-v2.mid,D:\Mickey\MFP\ab_tests\calls_50\R06_132-v2.mid,1,MELODY,0,4,0,3840,120,4/4,2,4,15,60,69,9,3.75,0.267857,0.148333,0.009375,true,false,0.194792,false,true,0,major,1,Existing local Call50 benchmark material copied without modifying calls_50.,call50_manifest,base_call50,4475c62dbccc9de215987e14a18a91d970606383
R07,real_public_dataset,calls_50,existing_call50,664-v2,real_two_bar_monophonic_major_minor,copied_from_call50,Two-bar monophonic melody snippet sampled from public MIDI dataset.,D:\Mickey\MFP\ab_tests\calls_100_public_final\calls\R07_664-v2.mid,D:\Mickey\MFP\ab_tests\calls_50\R07_664-v2.mid,1,MELODY,0,4,0,3840,120,4/4,2,4,11,73,85,12,2.75,0.375,0.30104,0,false,false,0.217708,false,false,1,major,1,Existing local Call50 benchmark material copied without modifying calls_50.,call50_manifest,base_call50,ef710ef6d9abb985b05fad4d4a506a71bf81f1e1
R08,real_public_dataset,calls_50,existing_call50,266-v1,real_two_bar_monophonic_major_minor,copied_from_call50,Two-bar monophonic melody snippet sampled from public MIDI dataset.,D:\Mickey\MFP\ab_tests\calls_100_public_final\calls\R08_266-v1.mid,D:\Mickey\MFP\ab_tests\calls_50\R08_266-v1.mid,1,MELODY,0,4,0,3840,120,4/4,2,4,8,66,71,5,2,0.428571,0.112938,0,false,false,0.004167,false,false,1,minor,1,Existing local Call50 benchmark material copied without modifying calls_50.,call50_manifest,base_call50,c51e9d77d9fceba7b78d1514f1b19606da801b49
R09,real_public_dataset,calls_50,existing_call50,433,real_two_bar_monophonic_major_minor,copied_from_call50,Two-bar monophonic melody snippet sampled from public MIDI dataset.,D:\Mickey\MFP\ab_tests\calls_100_public_final\calls\R09_433.mid,D:\Mickey\MFP\ab_tests\calls_50\R09_433.mid,1,MELODY,0,4,0,3840,120,4/4,2,4,23,59,71,12,5.75,0.170455,0.088753,0,false,false,0.217708,true,true,1,minor,1,Existing local Call50 benchmark material copied without modifying calls_50.,call50_manifest,base_call50,ad39725fd8d7fb63a6e902ebbed7e3131c107f3b
R10,real_public_dataset,calls_50,existing_call50,039-v2,real_two_bar_monophonic_major_minor,copied_from_call50,Two-bar monophonic melody snippet sampled from public MIDI dataset.,D:\Mickey\MFP\ab_tests\calls_100_public_final\calls\R10_039-v2.mid,D:\Mickey\MFP\ab_tests\calls_50\R10_039-v2.mid,1,MELODY,0,4,0,3840,120,4/4,2,4,11,74,79,5,2.75,0.346667,0.288161,0,false,false,0.436458,true,false,0,major,1,Existing local Call50 benchmark material copied without modifying calls_50.,call50_manifest,base_call50,4f364689a16c5449b9b79f4a1974722395aa8f19
R11,real_public_dataset,calls_50,existing_call50,538,real_two_bar_monophonic_major_minor,copied_from_call50,Two-bar monophonic melody snippet sampled from public MIDI dataset.,D:\Mickey\MFP\ab_tests\calls_100_public_final\calls\R11_538.mid,D:\Mickey\MFP\ab_tests\calls_50\R11_538.mid,1,MELODY,0,4,0,3840,120,4/4,2,4,20,58,75,17,5,0.157895,0.06837,0,false,true,0.745833,true,false,1,major,1,Existing local Call50 benchmark material copied without modifying calls_50.,call50_manifest,base_call50,36a4f3b1ef53e812ddbc01a35f06f42b6509bd8c
R12,real_public_dataset,calls_50,existing_call50,457,real_two_bar_monophonic_major_minor,copied_from_call50,Two-bar monophonic melody snippet sampled from public MIDI dataset.,D:\Mickey\MFP\ab_tests\calls_100_public_final\calls\R12_457.mid,D:\Mickey\MFP\ab_tests\calls_50\R12_457.mid,1,MELODY,0,4,0,3840,120,4/4,2,4,13,67,74,7,3.25,0.322917,0.272232,0,false,true,0.527083,true,false,0,major,1,Existing local Call50 benchmark material copied without modifying calls_50.,call50_manifest,base_call50,1e0f5f59255d6df13d51bc36f8f7dc3dacc28a01
R13,real_public_dataset,calls_50,existing_call50,353-v1,real_two_bar_monophonic_major_minor,copied_from_call50,Two-bar monophonic melody snippet sampled from public MIDI dataset.,D:\Mickey\MFP\ab_tests\calls_100_public_final\calls\R13_353-v1.mid,D:\Mickey\MFP\ab_tests\calls_50\R13_353-v1.mid,1,MELODY,0,4,0,3840,120,4/4,2,4,11,71,80,9,2.75,0.375,0.375,0,false,true,0.819792,true,false,1,minor,1,Existing local Call50 benchmark material copied without modifying calls_50.,call50_manifest,base_call50,89da88cec0ff4e63d5ea7996ae63a5e82dee2bee
R14,real_public_dataset,calls_50,existing_call50,073,real_two_bar_monophonic_major_minor,copied_from_call50,Two-bar monophonic melody snippet sampled from public MIDI dataset.,D:\Mickey\MFP\ab_tests\calls_100_public_final\calls\R14_073.mid,D:\Mickey\MFP\ab_tests\calls_50\R14_073.mid,1,MELODY,0,4,0,3840,120,4/4,2,4,12,57,72,15,3,0.272727,0.128565,0,false,true,0.817708,false,false,0,major,1,Existing local Call50 benchmark material copied without modifying calls_50.,call50_manifest,base_call50,ae73d08663e1966e14597ccb6a2ebd191f4e4246
R15,real_public_dataset,calls_50,existing_call50,156-v2,real_two_bar_monophonic_major_minor,copied_from_call50,Two-bar monophonic melody snippet sampled from public MIDI dataset.,D:\Mickey\MFP\ab_tests\calls_100_public_final\calls\R15_156-v2.mid,D:\Mickey\MFP\ab_tests\calls_50\R15_156-v2.mid,1,MELODY,0,4,0,3840,120,4/4,2,4,9,60,75,15,2.25,0.46875,0.317153,0,false,false,0.171875,false,false,0,minor,1,Existing local Call50 benchmark material copied without modifying calls_50.,call50_manifest,base_call50,2e7ba27608d93a0fb9435a59b12eab84f02932e7
R16,real_public_dataset,calls_50,existing_call50,249,real_two_bar_monophonic_major_minor,copied_from_call50,Two-bar monophonic melody snippet sampled from public MIDI dataset.,D:\Mickey\MFP\ab_tests\calls_100_public_final\calls\R16_249.mid,D:\Mickey\MFP\ab_tests\calls_50\R16_249.mid,1,MELODY,0,4,0,3840,120,4/4,2,4,8,67,77,10,2,0.5,0.231455,0,false,false,0.140625,true,false,0,minor,1,Existing local Call50 benchmark material copied without modifying calls_50.,call50_manifest,base_call50,28ddca1102824fcba4b57f763709ce136eddeebb
R17,real_public_dataset,calls_50,existing_call50,319,real_two_bar_monophonic_major_minor,copied_from_call50,Two-bar monophonic melody snippet sampled from public MIDI dataset.,D:\Mickey\MFP\ab_tests\calls_100_public_final\calls\R17_319.mid,D:\Mickey\MFP\ab_tests\calls_50\R17_319.mid,1,MELODY,0,4,0,3840,120,4/4,2,4,18,72,74,2,4.5,0.227941,0.261624,0,false,false,0.055208,true,false,0,major,1,Existing local Call50 benchmark material copied without modifying calls_50.,call50_manifest,base_call50,7857b28e2182ea4dae6c2b78828608a732fe99ff
R18,real_public_dataset,calls_50,existing_call50,249,real_two_bar_monophonic_major_minor,copied_from_call50,Two-bar monophonic melody snippet sampled from public MIDI dataset.,D:\Mickey\MFP\ab_tests\calls_100_public_final\calls\R18_249.mid,D:\Mickey\MFP\ab_tests\calls_50\R18_249.mid,1,MELODY,0,4,0,3840,120,4/4,2,4,9,72,79,7,2.25,0.375,0.125,0,false,false,0.140625,true,false,0,major,1,Existing local Call50 benchmark material copied without modifying calls_50.,call50_manifest,base_call50,a59b5b007179d5b9fe2a96d6bebd58e25cecdd5e
R19,real_public_dataset,calls_50,existing_call50,733,real_two_bar_monophonic_major_minor,copied_from_call50,Two-bar monophonic melody snippet sampled from public MIDI dataset.,D:\Mickey\MFP\ab_tests\calls_100_public_final\calls\R19_733.mid,D:\Mickey\MFP\ab_tests\calls_50\R19_733.mid,1,MELODY,0,4,0,7680,120,4/4,2,4,10,60,79,19,2.5,0.388889,0.483924,0,false,true,1.034375,true,false,0,major,1,Existing local Call50 benchmark material copied without modifying calls_50.,call50_manifest,base_call50,d3cc56689ada94b447ef718c37bcad600bf982d3
R20,real_public_dataset,calls_50,existing_call50,660,real_two_bar_monophonic_major_minor,copied_from_call50,Two-bar monophonic melody snippet sampled from public MIDI dataset.,D:\Mickey\MFP\ab_tests\calls_100_public_final\calls\R20_660.mid,D:\Mickey\MFP\ab_tests\calls_50\R20_660.mid,1,MELODY,0,4,0,3840,120,4/4,2,4,8,68,73,5,2,0.5,0.517549,0,false,true,0.457292,true,false,1,major,1,Existing local Call50 benchmark material copied without modifying calls_50.,call50_manifest,base_call50,b0394b74cf7768e400a86f6b55ef7c2ae305efc0
R21,real_public_dataset,calls_50,existing_call50,756-v2,real_two_bar_monophonic_major_minor,copied_from_call50,Two-bar monophonic melody snippet sampled from public MIDI dataset.,D:\Mickey\MFP\ab_tests\calls_100_public_final\calls\R21_756-v2.mid,D:\Mickey\MFP\ab_tests\calls_50\R21_756-v2.mid,1,MELODY,0,4,0,3840,120,4/4,2,4,8,67,74,7,2,0.535714,0.281215,0,false,false,0.336458,false,false,0,major,1,Existing local Call50 benchmark material copied without modifying calls_50.,call50_manifest,base_call50,d8c1f046471c1d767df8944187d9f5ebc6eee004
R22,real_public_dataset,calls_50,existing_call50,156,real_two_bar_monophonic_major_minor,copied_from_call50,Two-bar monophonic melody snippet sampled from public MIDI dataset.,D:\Mickey\MFP\ab_tests\calls_100_public_final\calls\R22_156.mid,D:\Mickey\MFP\ab_tests\calls_50\R22_156.mid,1,MELODY,0,4,0,3840,120,4/4,2,4,10,63,68,5,2.5,0.416667,0.311805,0,false,false,0.171875,true,false,0,minor,1,Existing local Call50 benchmark material copied without modifying calls_50.,call50_manifest,base_call50,966a2636cf3dd966424261fb98bac3f9b7310fdf
R23,real_public_dataset,calls_50,existing_call50,645,real_two_bar_monophonic_major_minor,copied_from_call50,Two-bar monophonic melody snippet sampled from public MIDI dataset.,D:\Mickey\MFP\ab_tests\calls_100_public_final\calls\R23_645.mid,D:\Mickey\MFP\ab_tests\calls_50\R23_645.mid,1,MELODY,0,4,0,3840,120,4/4,2,4,12,70,84,14,3,0.340909,0.282496,0,false,false,0.378125,true,false,0,minor,1,Existing local Call50 benchmark material copied without modifying calls_50.,call50_manifest,base_call50,3e875d94907b67a506ca3d1f28b8c6736b05dd33
R24,real_public_dataset,calls_50,existing_call50,242-v2,real_two_bar_monophonic_major_minor,copied_from_call50,Two-bar monophonic melody snippet sampled from public MIDI dataset.,D:\Mickey\MFP\ab_tests\calls_100_public_final\calls\R24_242-v2.mid,D:\Mickey\MFP\ab_tests\calls_50\R24_242-v2.mid,1,MELODY,0,4,0,3840,120,4/4,2,4,15,68,80,12,3.75,0.267857,0.237909,0,false,false,0.186458,true,true,1,minor,1,Existing local Call50 benchmark material copied without modifying calls_50.,call50_manifest,base_call50,ea062eb8d9f42fa60851210ec96b7e0a038c247f
R25,real_public_dataset,calls_50,existing_call50,618-v1,real_two_bar_monophonic_major_minor,copied_from_call50,Two-bar monophonic melody snippet sampled from public MIDI dataset.,D:\Mickey\MFP\ab_tests\calls_100_public_final\calls\R25_618-v1.mid,D:\Mickey\MFP\ab_tests\calls_50\R25_618-v1.mid,1,MELODY,0,4,0,3840,120,4/4,2,4,10,70,78,8,2.5,0.277778,0.262055,0,false,true,1.43125,true,false,1,major,1,Existing local Call50 benchmark material copied without modifying calls_50.,call50_manifest,base_call50,c0a44088bcf5b03c32d8ae90baac8344de9fbe4a
R26,real_public_dataset,calls_50,existing_call50,560-v1,real_two_bar_monophonic_major_minor,copied_from_call50,Two-bar monophonic melody snippet sampled from public MIDI dataset.,D:\Mickey\MFP\ab_tests\calls_100_public_final\calls\R26_560-v1.mid,D:\Mickey\MFP\ab_tests\calls_50\R26_560-v1.mid,1,MELODY,0,4,0,3840,120,4/4,2,4,15,64,71,7,3.75,0.267857,0.175872,0,false,true,0.640625,true,false,0,major,1,Existing local Call50 benchmark material copied without modifying calls_50.,call50_manifest,base_call50,75c9a328ac61a0d13e2fcbdfcafc102d61f7b167
R27,real_public_dataset,calls_50,existing_call50,735,real_two_bar_monophonic_major_minor,copied_from_call50,Two-bar monophonic melody snippet sampled from public MIDI dataset.,D:\Mickey\MFP\ab_tests\calls_100_public_final\calls\R27_735.mid,D:\Mickey\MFP\ab_tests\calls_50\R27_735.mid,1,MELODY,0,4,0,3840,120,4/4,2,4,16,67,76,9,4,0.25,0.158169,0.007031,true,false,0.24375,true,false,0,major,1,Existing local Call50 benchmark material copied without modifying calls_50.,call50_manifest,base_call50,72a0f6697815d907b21e14f9c8110ee2e39c991c
R28,real_public_dataset,calls_50,existing_call50,804-v3,real_two_bar_monophonic_major_minor,copied_from_call50,Two-bar monophonic melody snippet sampled from public MIDI dataset.,D:\Mickey\MFP\ab_tests\calls_100_public_final\calls\R28_804-v3.mid,D:\Mickey\MFP\ab_tests\calls_50\R28_804-v3.mid,1,MELODY,0,4,0,3840,120,4/4,2,4,11,69,79,10,2.75,0.375,0.379144,0,false,true,0.692708,false,false,2,major,1,Existing local Call50 benchmark material copied without modifying calls_50.,call50_manifest,base_call50,ed9531568aa89081ca147d6b638535d88b7ab02d
R29,real_public_dataset,calls_50,existing_call50,846-v2,real_two_bar_monophonic_major_minor,copied_from_call50,Two-bar monophonic melody snippet sampled from public MIDI dataset.,D:\Mickey\MFP\ab_tests\calls_100_public_final\calls\R29_846-v2.mid,D:\Mickey\MFP\ab_tests\calls_50\R29_846-v2.mid,1,MELODY,0,4,0,3840,120,4/4,2,4,12,64,71,7,3,0.272727,0.183233,0,false,true,0.747917,false,false,1,minor,1,Existing local Call50 benchmark material copied without modifying calls_50.,call50_manifest,base_call50,12b0a2717319984052e74e8ca0fe54345ad0c7aa
R30,real_public_dataset,calls_50,existing_call50,002-v2,real_two_bar_monophonic_major_minor,copied_from_call50,Two-bar monophonic melody snippet sampled from public MIDI dataset.,D:\Mickey\MFP\ab_tests\calls_100_public_final\calls\R30_002-v2.mid,D:\Mickey\MFP\ab_tests\calls_50\R30_002-v2.mid,1,Melody,0,4,0,3840,120,4/4,2,4,19,56,71,15,4.75,0.208333,0.102062,0,false,false,0.229167,false,true,8,minor,1,Existing local Call50 benchmark material copied without modifying calls_50.,call50_manifest,base_call50,36d5a28a76da034556f2ddac65af13178bd146f3
R31,real_public_dataset,calls_50,existing_call50,069-v5,real_two_bar_monophonic_major_minor,copied_from_call50,Two-bar monophonic melody snippet sampled from public MIDI dataset.,D:\Mickey\MFP\ab_tests\calls_100_public_final\calls\R31_069-v5.mid,D:\Mickey\MFP\ab_tests\calls_50\R31_069-v5.mid,1,MELODY,0,4,0,3840,120,4/4,2,4,10,75,85,10,2.5,0.361111,0.124226,0,false,false,0.139583,true,false,1,major,1,Existing local Call50 benchmark material copied without modifying calls_50.,call50_manifest,base_call50,db0a537e682611a13ff4912fe7351da44aac9275
R32,real_public_dataset,calls_50,existing_call50,290-v2,real_two_bar_monophonic_major_minor,copied_from_call50,Two-bar monophonic melody snippet sampled from public MIDI dataset.,D:\Mickey\MFP\ab_tests\calls_100_public_final\calls\R32_290-v2.mid,D:\Mickey\MFP\ab_tests\calls_50\R32_290-v2.mid,1,MELODY,0,4,0,3840,120,4/4,2,4,11,61,73,12,2.75,0.3625,0.3375,0,false,true,0.98125,true,false,3,minor,1,Existing local Call50 benchmark material copied without modifying calls_50.,call50_manifest,base_call50,01a8c5bee7ae4c28b21e9258b34ef06839b245ba
R33,real_public_dataset,calls_50,existing_call50,144-v1,real_two_bar_monophonic_major_minor,copied_from_call50,Two-bar monophonic melody snippet sampled from public MIDI dataset.,D:\Mickey\MFP\ab_tests\calls_100_public_final\calls\R33_144-v1.mid,D:\Mickey\MFP\ab_tests\calls_50\R33_144-v1.mid,1,MELODY,0,4,0,3840,120,4/4,2,4,21,68,77,9,5.25,0.1625,0.080039,0,false,true,0.738542,true,false,0,minor,1,Existing local Call50 benchmark material copied without modifying calls_50.,call50_manifest,base_call50,a681b745531d05d62b35ec581be7206ceee39d66
R34,real_public_dataset,calls_50,existing_call50,680-v3,real_two_bar_monophonic_major_minor,copied_from_call50,Two-bar monophonic melody snippet sampled from public MIDI dataset.,D:\Mickey\MFP\ab_tests\calls_100_public_final\calls\R34_680-v3.mid,D:\Mickey\MFP\ab_tests\calls_50\R34_680-v3.mid,1,MELODY,0,4,0,3840,120,4/4,2,4,15,72,79,7,3.75,0.267857,0.162686,0,false,false,0.161458,true,false,4,minor,1,Existing local Call50 benchmark material copied without modifying calls_50.,call50_manifest,base_call50,791542036ef507b0b0a650b9de7f1d6e82d0b3c0
R35,real_public_dataset,calls_50,existing_call50,436-v2,real_two_bar_monophonic_major_minor,copied_from_call50,Two-bar monophonic melody snippet sampled from public MIDI dataset.,D:\Mickey\MFP\ab_tests\calls_100_public_final\calls\R35_436-v2.mid,D:\Mickey\MFP\ab_tests\calls_50\R35_436-v2.mid,1,MELODY,0,4,0,3840,120,4/4,2,4,8,59,66,7,2,0.535714,0.699854,0,false,false,0.144792,true,false,1,minor,1,Existing local Call50 benchmark material copied without modifying calls_50.,call50_manifest,base_call50,678bdc72ad924861d8c11266f24b5a32f481d105
R36,real_public_dataset,calls_50,existing_call50,230,real_two_bar_monophonic_major_minor,copied_from_call50,Two-bar monophonic melody snippet sampled from public MIDI dataset.,D:\Mickey\MFP\ab_tests\calls_100_public_final\calls\R36_230.mid,D:\Mickey\MFP\ab_tests\calls_50\R36_230.mid,1,MELODY,0,4,0,3840,120,4/4,2,4,11,67,79,12,2.75,0.35,0.222205,0,false,false,0.322917,false,false,0,minor,1,Existing local Call50 benchmark material copied without modifying calls_50.,call50_manifest,base_call50,29b273d7d645631c5597a22ea399edc14b67932c
R37,real_public_dataset,calls_50,existing_call50,667-v3,real_two_bar_monophonic_major_minor,copied_from_call50,Two-bar monophonic melody snippet sampled from public MIDI dataset.,D:\Mickey\MFP\ab_tests\calls_100_public_final\calls\R37_667-v3.mid,D:\Mickey\MFP\ab_tests\calls_50\R37_667-v3.mid,1,MELODY,0,4,0,3840,120,4/4,2,4,7,67,71,4,1.75,0.625,0.535218,0,false,false,0.252083,true,false,0,major,1,Existing local Call50 benchmark material copied without modifying calls_50.,call50_manifest,base_call50,d50e87964a20e0c7bac5adfa3f4028421acf64c6
R38,real_public_dataset,calls_50,existing_call50,136,real_two_bar_monophonic_major_minor,copied_from_call50,Two-bar monophonic melody snippet sampled from public MIDI dataset.,D:\Mickey\MFP\ab_tests\calls_100_public_final\calls\R38_136.mid,D:\Mickey\MFP\ab_tests\calls_50\R38_136.mid,1,MELODY,0,4,0,3840,120,4/4,2,4,14,55,69,14,3.5,0.269231,0.182439,0.005729,true,false,0.420833,false,false,0,major,1,Existing local Call50 benchmark material copied without modifying calls_50.,call50_manifest,base_call50,22fc6c344b32473cb1365c9a472d19bfc99400f1
R39,real_public_dataset,calls_50,existing_call50,578-v3,real_two_bar_monophonic_major_minor,copied_from_call50,Two-bar monophonic melody snippet sampled from public MIDI dataset.,D:\Mickey\MFP\ab_tests\calls_100_public_final\calls\R39_578-v3.mid,D:\Mickey\MFP\ab_tests\calls_50\R39_578-v3.mid,1,MELODY,0,4,0,3840,120,4/4,2,4,16,71,79,8,4,0.175,0.076376,0.001563,true,true,1.373958,true,false,0,major,1,Existing local Call50 benchmark material copied without modifying calls_50.,call50_manifest,base_call50,5ea09de935bdb7109039b96a1b61bbc6a7ac2f81
R40,real_public_dataset,calls_50,existing_call50,454,real_two_bar_monophonic_major_minor,copied_from_call50,Two-bar monophonic melody snippet sampled from public MIDI dataset.,D:\Mickey\MFP\ab_tests\calls_100_public_final\calls\R40_454.mid,D:\Mickey\MFP\ab_tests\calls_50\R40_454.mid,1,MELODY,0,4,0,3840,120,4/4,2,4,12,65,68,3,3,0.295455,0.096424,0,false,true,0.584375,true,false,0,minor,1,Existing local Call50 benchmark material copied without modifying calls_50.,call50_manifest,base_call50,bcd8d2caa9d082bfd5238f7ef2b2eca382469eeb
P001,public_midi_extract,POP909,song_298,POP909 298 BRIDGE 2.474s,clear_motif_melody,two_bar_pop909_bridge,POP909 BRIDGE segment from song_298; selected for clear_motif_melody.,D:\Mickey\MFP\ab_tests\calls_100_public_final\calls\P001_pop909_clear_motif_melody_298_bridge.mid,D:\Mickey\MFP\ab_tests\pop909_extracted\POP909-Dataset-master\POP909\298\298.mid,2,BRIDGE,2.474228,7.422684,1920,5760,96.999953,4/4,2,4.948456,10,84,94,10,2.020832,0.4811,0.295613,0,false,false,0.333763,false,false,1,major,1,POP909 local repository includes MIT LICENSE; cite POP909 ISMIR 2020.,pop909-ismir2020,public_addition,09dc2ee497ed9568388e5f9fd02b00eece33d5cc
P002,public_midi_extract,POP909,song_248,POP909 248 BRIDGE 3.478s,clear_motif_melody,two_bar_pop909_bridge,POP909 BRIDGE segment from song_248; selected for clear_motif_melody.,D:\Mickey\MFP\ab_tests\calls_100_public_final\calls\P002_pop909_clear_motif_melody_248_bridge.mid,D:\Mickey\MFP\ab_tests\pop909_extracted\POP909-Dataset-master\POP909\248\248.mid,2,BRIDGE,3.478248,6.956496,3840,7680,138.000511,4/4,2,3.478248,10,72,82,10,2.875011,0.314009,0.148898,0,false,false,0.209238,false,true,2,minor,1,POP909 local repository includes MIT LICENSE; cite POP909 ISMIR 2020.,pop909-ismir2020,public_addition,4184d7bc3ac75e41e455fb6eed060e94d3042c5d
P003,public_midi_extract,POP909,song_339,POP909 339 MELODY 16.667s,clear_motif_melody,two_bar_pop909_melody,POP909 MELODY segment from song_339; selected for clear_motif_melody.,D:\Mickey\MFP\ab_tests\calls_100_public_final\calls\P003_pop909_clear_motif_melody_339_melody.mid,D:\Mickey\MFP\ab_tests\pop909_extracted\POP909-Dataset-master\POP909\339\339.mid,1,MELODY,16.66664,23.333296,9600,13440,72.000115,4/4,2,6.666656,10,66,76,10,1.500002,0.648147,0.523782,0,false,true,1.69097,true,false,1,minor,1,POP909 local repository includes MIT LICENSE; cite POP909 ISMIR 2020.,pop909-ismir2020,public_addition,0d5924fa934ff353d24a995f61d8925202277c9a
P004,public_midi_extract,POP909,song_268,POP909 268 MELODY 28s,clear_motif_melody,two_bar_pop909_melody,POP909 MELODY segment from song_268; selected for clear_motif_melody.,D:\Mickey\MFP\ab_tests\calls_100_public_final\calls\P004_pop909_clear_motif_melody_268_melody.mid,D:\Mickey\MFP\ab_tests\pop909_extracted\POP909-Dataset-master\POP909\268\268.mid,1,MELODY,28,36,13440,17280,60,4/4,2,8,10,55,65,10,1.25,0.777778,1.406554,0,false,false,0.3375,true,false,0,minor,1,POP909 local repository includes MIT LICENSE; cite POP909 ISMIR 2020.,pop909-ismir2020,public_addition,f3942cd0d58867e37ad921a2f3df971782071c75
P005,public_midi_extract,POP909,song_021,POP909 021 MELODY 33.684s,clear_motif_melody,two_bar_pop909_melody,POP909 MELODY segment from song_021; selected for clear_motif_melody.,D:\Mickey\MFP\ab_tests\calls_100_public_final\calls\P005_pop909_clear_motif_melody_021_melody.mid,D:\Mickey\MFP\ab_tests\pop909_extracted\POP909-Dataset-master\POP909\021\021.mid,1,MELODY,33.68416,37.89468,15360,17280,57.000086,2/4,2,4.21052,10,60,70,10,2.375004,0.409356,0.33081,0,false,false,0.328947,true,false,0,minor,1,POP909 local repository includes MIT LICENSE; cite POP909 ISMIR 2020.,pop909-ismir2020,public_addition,1530563d7df867c7cb548bf7354d26b971c79aa0
P006,public_midi_extract,POP909,song_220,POP909 220 MELODY 17.419s,clear_motif_melody,two_bar_pop909_melody,POP909 MELODY segment from song_220; selected for clear_motif_melody.,D:\Mickey\MFP\ab_tests\calls_100_public_final\calls\P006_pop909_clear_motif_melody_220_melody.mid,D:\Mickey\MFP\ab_tests\pop909_extracted\POP909-Dataset-master\POP909\220\220.mid,1,MELODY,17.419212,21.290148,17280,21120,124.001017,4/4,2,3.870936,10,48,58,10,2.583355,0.3629,0.197538,0,false,false,0.439513,false,false,0,minor,1,POP909 local repository includes MIT LICENSE; cite POP909 ISMIR 2020.,pop909-ismir2020,public_addition,edf8e7650c27413d55aadd32a3d56b5d66c3ec56
P007,public_midi_extract,POP909,song_273,POP909 273 MELODY 29.189s,clear_motif_melody,two_bar_pop909_melody,POP909 MELODY segment from song_273; selected for clear_motif_melody.,D:\Mickey\MFP\ab_tests\calls_100_public_final\calls\P007_pop909_clear_motif_melody_273_melody.mid,D:\Mickey\MFP\ab_tests\pop909_extracted\POP909-Dataset-master\POP909\273\273.mid,1,MELODY,29.18916,35.67564,17280,21120,74.000074,4/4,2,6.48648,10,62,72,10,1.541668,0.405405,0.165506,0,false,false,0.148649,false,false,0,major,1,POP909 local repository includes MIT LICENSE; cite POP909 ISMIR 2020.,pop909-ismir2020,public_addition,caf8ac54b7e7efa0e949e7362a6087eb4934fedf
P008,public_midi_extract,POP909,song_713,POP909 713 MELODY 24.545s,clear_motif_melody,two_bar_pop909_melody,POP909 MELODY segment from song_713; selected for clear_motif_melody.,D:\Mickey\MFP\ab_tests\calls_100_public_final\calls\P008_pop909_clear_motif_melody_713_melody.mid,D:\Mickey\MFP\ab_tests\pop909_extracted\POP909-Dataset-master\POP909\713\713.mid,1,MELODY,24.545448,29.999992,17280,21120,88.000023,4/4,2,5.454544,10,71,81,10,1.833334,0.530303,0.674412,0,false,true,1.436079,true,false,2,major,1,POP909 local repository includes MIT LICENSE; cite POP909 ISMIR 2020.,pop909-ismir2020,public_addition,71910ac65112fc512aa314b13d21518f4ea65695
P009,public_midi_extract,POP909,song_328,POP909 328 MELODY 29.333s,clear_motif_melody,two_bar_pop909_melody,POP909 MELODY segment from song_328; selected for clear_motif_melody.,D:\Mickey\MFP\ab_tests\calls_100_public_final\calls\P009_pop909_clear_motif_melody_328_melody.mid,D:\Mickey\MFP\ab_tests\pop909_extracted\POP909-Dataset-master\POP909\328\328.mid,1,MELODY,29.333304,34.666632,21120,24960,90.00009,4/4,2,5.333328,10,67,77,10,1.875002,0.555555,0.628539,0,false,false,0.075,true,false,0,minor,1,POP909 local repository includes MIT LICENSE; cite POP909 ISMIR 2020.,pop909-ismir2020,public_addition,aa4c0d783475ae7d3e78b05eb997fa62917c27e7
P010,public_midi_extract,POP909,song_407,POP909 407 MELODY 44s,clear_motif_melody,two_bar_pop909_melody,POP909 MELODY segment from song_407; selected for clear_motif_melody.,D:\Mickey\MFP\ab_tests\calls_100_public_final\calls\P010_pop909_clear_motif_melody_407_melody.mid,D:\Mickey\MFP\ab_tests\pop909_extracted\POP909-Dataset-master\POP909\407\407.mid,1,MELODY,44,52,21120,24960,60,4/4,2,8,10,69,79,10,1.25,0.43912,0.259948,0,false,true,1.85,true,false,0,major,1,POP909 local repository includes MIT LICENSE; cite POP909 ISMIR 2020.,pop909-ismir2020,public_addition,777e5b00fd953735b6653f256f9a3c654b185468
P011,public_midi_extract,POP909,song_119,POP909 119 MELODY 43.636s,clear_motif_melody,two_bar_pop909_melody,POP909 MELODY segment from song_119; selected for clear_motif_melody.,D:\Mickey\MFP\ab_tests\calls_100_public_final\calls\P011_pop909_clear_motif_melody_119_melody.mid,D:\Mickey\MFP\ab_tests\pop909_extracted\POP909-Dataset-master\POP909\119\119.mid,1,MELODY,43.636368,50.909096,23040,26880,65.999993,4/4,2,7.272728,10,65,75,10,1.375,0.757576,1.027626,0,false,true,1.111743,false,false,0,minor,1,POP909 local repository includes MIT LICENSE; cite POP909 ISMIR 2020.,pop909-ismir2020,public_addition,02b42bf538034415724a738c0af09b8641b2db39
P012,public_midi_extract,POP909,song_188,POP909 188 MELODY 26.182s,clear_motif_melody,two_bar_pop909_melody,POP909 MELODY segment from song_188; selected for clear_motif_melody.,D:\Mickey\MFP\ab_tests\calls_100_public_final\calls\P012_pop909_clear_motif_melody_188_melody.mid,D:\Mickey\MFP\ab_tests\pop909_extracted\POP909-Dataset-master\POP909\188\188.mid,1,MELODY,26.181792,30.545424,23040,26880,110.00011,4/4,2,4.363632,10,65,75,10,2.291669,0.454545,0.34015,0,false,false,0.014773,false,false,0,minor,1,POP909 local repository includes MIT LICENSE; cite POP909 ISMIR 2020.,pop909-ismir2020,public_addition,7734fef29618d1fb56a027c12ecb3dfec0e127c6
P013,public_midi_extract,POP909,song_203,POP909 203 BRIDGE 12s,expressive_rubato,two_bar_pop909_bridge,POP909 BRIDGE segment from song_203; selected for expressive_rubato.,D:\Mickey\MFP\ab_tests\calls_100_public_final\calls\P013_pop909_expressive_rubato_203_bridge.mid,D:\Mickey\MFP\ab_tests\pop909_extracted\POP909-Dataset-master\POP909\203\203.mid,2,BRIDGE,12,15,11520,14400,120,6/8,2,3,9,71,98,27,3,0.6875,0.511585,0.805903,true,false,0.073958,false,false,0,major,1,POP909 local repository includes MIT LICENSE; cite POP909 ISMIR 2020.,pop909-ismir2020,public_addition,565f7cee923e872e575358a8a7baef3427899b3b
P014,public_midi_extract,POP909,song_203,POP909 203 BRIDGE 15s,expressive_rubato,two_bar_pop909_bridge,POP909 BRIDGE segment from song_203; selected for expressive_rubato.,D:\Mickey\MFP\ab_tests\calls_100_public_final\calls\P014_pop909_expressive_rubato_203_bridge.mid,D:\Mickey\MFP\ab_tests\pop909_extracted\POP909-Dataset-master\POP909\203\203.mid,2,BRIDGE,15,18,14400,17280,120,6/8,2,3,9,71,95,24,3,0.75,0.540062,0.805903,true,true,0.573958,false,false,0,major,1,POP909 local repository includes MIT LICENSE; cite POP909 ISMIR 2020.,pop909-ismir2020,public_addition,330f2d81c4960b08be3a6b2df03a3b6be4a06534
P015,public_midi_extract,POP909,song_263,POP909 263 BRIDGE 264s,expressive_rubato,two_bar_pop909_bridge,POP909 BRIDGE segment from song_263; selected for expressive_rubato.,D:\Mickey\MFP\ab_tests\calls_100_public_final\calls\P015_pop909_expressive_rubato_263_bridge.mid,D:\Mickey\MFP\ab_tests\pop909_extracted\POP909-Dataset-master\POP909\263\263.mid,2,BRIDGE,263.999736,269.333064,190080,193920,90.00009,4/4,2,5.333328,16,65,84,19,3.000003,0.714285,0.451753,0.963542,true,false,0.155555,false,false,0,minor,1,POP909 local repository includes MIT LICENSE; cite POP909 ISMIR 2020.,pop909-ismir2020,public_addition,e5769dcecf058ea7f3541b6e7a2f97d2c92f159e
P016,public_midi_extract,POP909,song_617,POP909 617 BRIDGE 95.439s,expressive_rubato,two_bar_pop909_bridge,POP909 BRIDGE segment from song_617; selected for expressive_rubato.,D:\Mickey\MFP\ab_tests\calls_100_public_final\calls\P016_pop909_expressive_rubato_617_bridge.mid,D:\Mickey\MFP\ab_tests\pop909_extracted\POP909-Dataset-master\POP909\617\617.mid,2,BRIDGE,95.439058,96.77387,68640,69600,89.900301,1/4,2,1.334812,4,67,84,17,2.996677,0.58398,0.417128,0.627083,true,false,0.155728,false,false,0,minor,1,POP909 local repository includes MIT LICENSE; cite POP909 ISMIR 2020.,pop909-ismir2020,public_addition,5147dd2b545dbf495b184e3ca54de72eaf3a5781
P017,public_midi_extract,POP909,song_178,POP909 178 BRIDGE 145.842s,expressive_rubato,two_bar_pop909_bridge,POP909 BRIDGE segment from song_178; selected for expressive_rubato.,D:\Mickey\MFP\ab_tests\calls_100_public_final\calls\P017_pop909_expressive_rubato_178_bridge.mid,D:\Mickey\MFP\ab_tests\pop909_extracted\POP909-Dataset-master\POP909\178\178.mid,2,BRIDGE,145.841943,152.557619,82560,86400,71.00012,4/4,2,6.715676,20,69,88,19,2.978107,0.69989,0.58203,0.790116,true,true,0.763684,true,false,0,major,1,POP909 local repository includes MIT LICENSE; cite POP909 ISMIR 2020.,pop909-ismir2020,public_addition,5ce9c27bdfa7dc025689210b380aa476e5634091
P018,public_midi_extract,POP909,song_191,POP909 191 BRIDGE 101.818s,expressive_rubato,two_bar_pop909_bridge,POP909 BRIDGE segment from song_191; selected for expressive_rubato.,D:\Mickey\MFP\ab_tests\calls_100_public_final\calls\P018_pop909_expressive_rubato_191_bridge.mid,D:\Mickey\MFP\ab_tests\pop909_extracted\POP909-Dataset-master\POP909\191\191.mid,2,BRIDGE,101.818192,109.09092,53760,57600,65.999993,4/4,2,7.272728,22,72,94,22,3.025,0.704546,0.560862,0.975781,true,false,0.11553,false,false,0,minor,1,POP909 local repository includes MIT LICENSE; cite POP909 ISMIR 2020.,pop909-ismir2020,public_addition,25866a26752127d8aad87cc0c229a34824bfab51
P019,public_midi_extract,POP909,song_178,POP909 178 BRIDGE 149.175s,expressive_rubato,two_bar_pop909_bridge,POP909 BRIDGE segment from song_178; selected for expressive_rubato.,D:\Mickey\MFP\ab_tests\calls_100_public_final\calls\P019_pop909_expressive_rubato_178_bridge.mid,D:\Mickey\MFP\ab_tests\pop909_extracted\POP909-Dataset-master\POP909\178\178.mid,2,BRIDGE,149.175271,155.962377,84480,88320,71.00012,4/4,2,6.787106,20,69,88,19,2.946764,0.598034,0.633274,0.687024,true,true,0.763684,false,false,0,major,1,POP909 local repository includes MIT LICENSE; cite POP909 ISMIR 2020.,pop909-ismir2020,public_addition,82b85a9be30c1e0f1ed3a33ecdee7a4a051ecbd3
P020,public_midi_extract,POP909,song_212,POP909 212 BRIDGE 20.241s,expressive_rubato,two_bar_pop909_bridge,POP909 BRIDGE segment from song_212; selected for expressive_rubato.,D:\Mickey\MFP\ab_tests\calls_100_public_final\calls\P020_pop909_expressive_rubato_212_bridge.mid,D:\Mickey\MFP\ab_tests\pop909_extracted\POP909-Dataset-master\POP909\212\212.mid,2,BRIDGE,20.240948,26.024076,13440,17280,83.000065,4/4,2,5.783128,17,70,89,19,2.939586,0.774526,0.758878,0.601823,true,true,2.179215,false,false,1,major,1,POP909 local repository includes MIT LICENSE; cite POP909 ISMIR 2020.,pop909-ismir2020,public_addition,893f5f2d3c78c6334afe95965142cb6cf5a12b60
P021,public_midi_extract,POP909,song_227,POP909 227 PIANO 0s,chord_arpeggio_polyphonic,two_bar_pop909_piano,POP909 PIANO segment from song_227; selected for chord_arpeggio_polyphonic.,D:\Mickey\MFP\ab_tests\calls_100_public_final\calls\P021_pop909_chord_arpeggio_polyphonic_227_piano.mid,D:\Mickey\MFP\ab_tests\pop909_extracted\POP909-Dataset-master\POP909\227\227.mid,3,PIANO,0,7.096203,0,3840,67.000029,4/4,2,7.096203,18,48,70,22,2.536568,0.441866,0.016936,0.548478,true,true,1.608208,false,false,5,minor,1,POP909 local repository includes MIT LICENSE; cite POP909 ISMIR 2020.,pop909-ismir2020,public_addition,f5565b4832bd5be353c37b12f115f21a34e3dc63
P022,public_midi_extract,POP909,song_003,POP909 003 PIANO 1.463s,chord_arpeggio_polyphonic,two_bar_pop909_piano,POP909 PIANO segment from song_003; selected for chord_arpeggio_polyphonic.,D:\Mickey\MFP\ab_tests\calls_100_public_final\calls\P022_pop909_chord_arpeggio_polyphonic_003_piano.mid,D:\Mickey\MFP\ab_tests\pop909_extracted\POP909-Dataset-master\POP909\003\003.mid,3,PIANO,1.463412,4.390236,960,2880,82.000148,2/4,2,2.926824,19,43,65,22,6.491678,0.27439,0.122711,0.991667,true,false,0.022866,false,false,0,minor,1,POP909 local repository includes MIT LICENSE; cite POP909 ISMIR 2020.,pop909-ismir2020,public_addition,cde3642da30aac87628d52839da86866641265ee
P023,public_midi_extract,POP909,song_222,POP909 222 PIANO 2.946s,chord_arpeggio_polyphonic,two_bar_pop909_piano,POP909 PIANO segment from song_222; selected for chord_arpeggio_polyphonic.,D:\Mickey\MFP\ab_tests\calls_100_public_final\calls\P023_pop909_chord_arpeggio_polyphonic_222_piano.mid,D:\Mickey\MFP\ab_tests\pop909_extracted\POP909-Dataset-master\POP909\222\222.mid,3,PIANO,2.945988,9.164489,1920,5760,78.000078,4/4,2,6.218501,19,46,68,22,3.055399,0.475621,0.195129,0.646398,true,true,0.678333,false,false,1,major,1,POP909 local repository includes MIT LICENSE; cite POP909 ISMIR 2020.,pop909-ismir2020,public_addition,6ae99fdee616166ed84916f41140ffa6f76e1c5b
P024,public_midi_extract,POP909,song_287,POP909 287 PIANO 3.478s,chord_arpeggio_polyphonic,two_bar_pop909_piano,POP909 PIANO segment from song_287; selected for chord_arpeggio_polyphonic.,D:\Mickey\MFP\ab_tests\calls_100_public_final\calls\P024_pop909_chord_arpeggio_polyphonic_287_piano.mid,D:\Mickey\MFP\ab_tests\pop909_extracted\POP909-Dataset-master\POP909\287\287.mid,3,PIANO,3.478256,10.434768,1920,5760,69.000097,4/4,2,6.956512,26,46,68,22,3.737505,0.869564,0,0.721354,true,false,0.186594,false,false,8,minor,1,POP909 local repository includes MIT LICENSE; cite POP909 ISMIR 2020.,pop909-ismir2020,public_addition,ef583608e7df85c134443708630e2e4679f0d61f
P025,public_midi_extract,POP909,song_566,POP909 566 PIANO 2.892s,chord_arpeggio_polyphonic,two_bar_pop909_piano,POP909 PIANO segment from song_566; selected for chord_arpeggio_polyphonic.,D:\Mickey\MFP\ab_tests\calls_100_public_final\calls\P025_pop909_chord_arpeggio_polyphonic_566_piano.mid,D:\Mickey\MFP\ab_tests\pop909_extracted\POP909-Dataset-master\POP909\566\566.mid,3,PIANO,2.891564,8.674692,1920,5760,83.000065,4/4,2,5.783128,22,47,69,22,3.80417,0.338855,0.059769,0.853906,true,false,0.180723,false,false,4,minor,1,POP909 local repository includes MIT LICENSE; cite POP909 ISMIR 2020.,pop909-ismir2020,public_addition,0a987a5b16fe9a6ef55882b7bc19f65a38d94873
P026,public_midi_extract,POP909,song_106,POP909 106 PIANO 7.164s,chord_arpeggio_polyphonic,two_bar_pop909_piano,POP909 PIANO segment from song_106; selected for chord_arpeggio_polyphonic.,D:\Mickey\MFP\ab_tests\calls_100_public_final\calls\P026_pop909_chord_arpeggio_polyphonic_106_piano.mid,D:\Mickey\MFP\ab_tests\pop909_extracted\POP909-Dataset-master\POP909\106\106.mid,3,PIANO,7.164176,14.328352,3840,7680,67.000029,4/4,2,7.164176,28,47,69,22,3.908335,0.447761,0.213462,0.636458,true,true,2.117536,false,false,4,minor,1,POP909 local repository includes MIT LICENSE; cite POP909 ISMIR 2020.,pop909-ismir2020,public_addition,f4ab618eb277ddd537d042e15bea5f563c7a2411
P027,public_midi_extract,POP909,song_218,POP909 218 PIANO 7.059s,chord_arpeggio_polyphonic,two_bar_pop909_piano,POP909 PIANO segment from song_218; selected for chord_arpeggio_polyphonic.,D:\Mickey\MFP\ab_tests\calls_100_public_final\calls\P027_pop909_chord_arpeggio_polyphonic_218_piano.mid,D:\Mickey\MFP\ab_tests\pop909_extracted\POP909-Dataset-master\POP909\218\218.mid,3,PIANO,7.058816,14.107934,3840,7680,68.000073,4/4,2,7.049118,32,51,73,22,4.539575,0.29696,0.154121,0.659677,true,false,0.444852,false,false,1,major,1,POP909 local repository includes MIT LICENSE; cite POP909 ISMIR 2020.,pop909-ismir2020,public_addition,0f59657f08541cc74ab645b6a87ebba405e96721
P028,public_midi_extract,POP909,song_242,POP909 242 PIANO 7.798s,chord_arpeggio_polyphonic,two_bar_pop909_piano,POP909 PIANO segment from song_242; selected for chord_arpeggio_polyphonic.,D:\Mickey\MFP\ab_tests\calls_100_public_final\calls\P028_pop909_chord_arpeggio_polyphonic_242_piano.mid,D:\Mickey\MFP\ab_tests\pop909_extracted\POP909-Dataset-master\POP909\242\242.mid,3,PIANO,7.797665,15.502694,3840,7680,60.999973,4/4,2,7.705029,27,42,64,22,3.504205,0.407844,0.096077,0.404725,true,true,1.83742,true,false,4,minor,0.925926,POP909 local repository includes MIT LICENSE; cite POP909 ISMIR 2020.,pop909-ismir2020,public_addition,7b463f457b4fa4cb62f3c96389f80c6fe6146978
P029,public_midi_extract,POP909,song_062,POP909 062 MELODY 136.216s,sparse_short,two_bar_pop909_melody,POP909 MELODY segment from song_062; selected for sparse_short.,D:\Mickey\MFP\ab_tests\calls_100_public_final\calls\P029_pop909_sparse_short_062_melody.mid,D:\Mickey\MFP\ab_tests\pop909_extracted\POP909-Dataset-master\POP909\062\062.mid,1,MELODY,136.21608,139.45932,161280,165120,148.000148,4/4,2,3.24324,3,72,79,7,0.925001,0.608108,0.202703,0,false,true,1.304053,true,false,0,major,1,POP909 local repository includes MIT LICENSE; cite POP909 ISMIR 2020.,pop909-ismir2020,public_addition,4c5a51ab3f6026fe6be463b41ce2274ba3d6a301
P030,public_midi_extract,POP909,song_062,POP909 062 MELODY 192.973s,sparse_short,two_bar_pop909_melody,POP909 MELODY segment from song_062; selected for sparse_short.,D:\Mickey\MFP\ab_tests\calls_100_public_final\calls\P030_pop909_sparse_short_062_melody.mid,D:\Mickey\MFP\ab_tests\pop909_extracted\POP909-Dataset-master\POP909\062\062.mid,1,MELODY,192.97278,196.21602,228480,232320,148.000148,4/4,2,3.24324,3,82,86,4,0.925001,0.202703,0,0,false,true,1.114864,false,false,0,minor,1,POP909 local repository includes MIT LICENSE; cite POP909 ISMIR 2020.,pop909-ismir2020,public_addition,10e0f1df604e574c2edf1f9477f8cf4d4d6ab1fa
P031,public_midi_extract,POP909,song_062,POP909 062 MELODY 19.459s,sparse_short,two_bar_pop909_melody,POP909 MELODY segment from song_062; selected for sparse_short.,D:\Mickey\MFP\ab_tests\calls_100_public_final\calls\P031_pop909_sparse_short_062_melody.mid,D:\Mickey\MFP\ab_tests\pop909_extracted\POP909-Dataset-master\POP909\062\062.mid,1,MELODY,19.45944,22.70268,23040,26880,148.000148,4/4,2,3.24324,3,72,79,7,0.925001,0.608108,0.202703,0,false,true,1.304053,true,false,0,major,1,POP909 local repository includes MIT LICENSE; cite POP909 ISMIR 2020.,pop909-ismir2020,public_addition,536be0eafd862411ecd26a2ca77f66c1a30ecf1a
P032,public_midi_extract,POP909,song_062,POP909 062 MELODY 38.919s,sparse_short,two_bar_pop909_melody,POP909 MELODY segment from song_062; selected for sparse_short.,D:\Mickey\MFP\ab_tests\calls_100_public_final\calls\P032_pop909_sparse_short_062_melody.mid,D:\Mickey\MFP\ab_tests\pop909_extracted\POP909-Dataset-master\POP909\062\062.mid,1,MELODY,38.91888,42.16212,46080,49920,148.000148,4/4,2,3.24324,3,72,79,7,0.925001,0.608108,0.202703,0,false,true,1.304053,true,false,0,major,1,POP909 local repository includes MIT LICENSE; cite POP909 ISMIR 2020.,pop909-ismir2020,public_addition,94b9dd1682c202bbca4d89792239159747ad13ed
P033,public_midi_extract,POP909,song_062,POP909 062 MELODY 116.757s,sparse_short,two_bar_pop909_melody,POP909 MELODY segment from song_062; selected for sparse_short.,D:\Mickey\MFP\ab_tests\calls_100_public_final\calls\P033_pop909_sparse_short_062_melody.mid,D:\Mickey\MFP\ab_tests\pop909_extracted\POP909-Dataset-master\POP909\062\062.mid,1,MELODY,116.75664,119.99988,138240,142080,148.000148,4/4,2,3.24324,3,72,79,7,0.925001,0.608108,0.202703,0,false,true,1.304053,true,false,0,major,1,POP909 local repository includes MIT LICENSE; cite POP909 ISMIR 2020.,pop909-ismir2020,public_addition,67a960eb041f3aa6dfda9b1e71ce2ddc24db6856
P034,public_midi_extract,POP909,song_095,POP909 095 BRIDGE 71.471s,dense_fast,two_bar_pop909_bridge,POP909 BRIDGE segment from song_095; selected for dense_fast.,D:\Mickey\MFP\ab_tests\calls_100_public_final\calls\P034_pop909_dense_fast_095_bridge.mid,D:\Mickey\MFP\ab_tests\pop909_extracted\POP909-Dataset-master\POP909\095\095.mid,2,BRIDGE,71.470512,73.235216,38880,39840,68.000073,1/4,2,1.764704,49,50,97,47,27.766696,0.02045,0.007686,0.49375,true,true,0.75919,false,true,2,major,0.938776,POP909 local repository includes MIT LICENSE; cite POP909 ISMIR 2020.,pop909-ismir2020,public_addition,dff1ceaf221b543cbc5377f6be8af8f26a26d724
P035,public_midi_extract,POP909,song_351,POP909 351 BRIDGE 96.791s,dense_fast,two_bar_pop909_bridge,POP909 BRIDGE segment from song_351; selected for dense_fast.,D:\Mickey\MFP\ab_tests\calls_100_public_final\calls\P035_pop909_dense_fast_351_bridge.mid,D:\Mickey\MFP\ab_tests\pop909_extracted\POP909-Dataset-master\POP909\351\351.mid,2,BRIDGE,96.790639,97.825833,89760,90720,115.920301,1/4,2,1.035194,28,46,88,42,27.04807,0.023723,0.012069,0.485417,true,false,0.32242,false,true,0,major,0.964286,POP909 local repository includes MIT LICENSE; cite POP909 ISMIR 2020.,pop909-ismir2020,public_addition,56c3300485dbe59aa7f67a0c83d3026afec60af6
P036,public_midi_extract,POP909,song_095,POP909 095 BRIDGE 73.235s,dense_fast,two_bar_pop909_bridge,POP909 BRIDGE segment from song_095; selected for dense_fast.,D:\Mickey\MFP\ab_tests\calls_100_public_final\calls\P036_pop909_dense_fast_095_bridge.mid,D:\Mickey\MFP\ab_tests\pop909_extracted\POP909-Dataset-master\POP909\095\095.mid,2,BRIDGE,73.235216,74.99992,39840,40800,68.000073,1/4,2,1.764704,38,40,98,58,21.533356,0.023947,0.006432,0.455208,true,true,0.766543,false,true,2,major,0.921053,POP909 local repository includes MIT LICENSE; cite POP909 ISMIR 2020.,pop909-ismir2020,public_addition,742b6217e5082e7916564f3a3f65d237806ab64f
P037,public_midi_extract,POP909,song_095,POP909 095 BRIDGE 74.118s,dense_fast,two_bar_pop909_bridge,POP909 BRIDGE segment from song_095; selected for dense_fast.,D:\Mickey\MFP\ab_tests\calls_100_public_final\calls\P037_pop909_dense_fast_095_bridge.mid,D:\Mickey\MFP\ab_tests\pop909_extracted\POP909-Dataset-master\POP909\095\095.mid,2,BRIDGE,74.117568,75.882272,40320,41280,68.000073,1/4,2,1.764704,30,49,98,49,17.000018,0.026179,0.003436,0.38125,true,true,0.966911,false,true,2,major,1,POP909 local repository includes MIT LICENSE; cite POP909 ISMIR 2020.,pop909-ismir2020,public_addition,78d14be041d32b7fbe7edfff0760e04921cd5860
P038,public_midi_extract,POP909,song_727,POP909 727 BRIDGE 121.482s,dense_fast,two_bar_pop909_bridge,POP909 BRIDGE segment from song_727; selected for dense_fast.,D:\Mickey\MFP\ab_tests\calls_100_public_final\calls\P038_pop909_dense_fast_727_bridge.mid,D:\Mickey\MFP\ab_tests\pop909_extracted\POP909-Dataset-master\POP909\727\727.mid,2,BRIDGE,121.481524,122.963006,78720,79680,80.999972,1/4,2,1.481482,45,53,97,44,30.374989,0.027813,0.005963,0.458333,true,false,0.195988,false,true,1,major,1,POP909 local repository includes MIT LICENSE; cite POP909 ISMIR 2020.,pop909-ismir2020,public_addition,69a0d60877f4403690cc23093e1b76217f6dbf42
P039,public_midi_extract,POP909,song_789,POP909 789 PIANO 192.761s,chromatic_outside,two_bar_pop909_piano,POP909 PIANO segment from song_789; selected for chromatic_outside.,D:\Mickey\MFP\ab_tests\calls_100_public_final\calls\P039_pop909_chromatic_outside_789_piano.mid,D:\Mickey\MFP\ab_tests\pop909_extracted\POP909-Dataset-master\POP909\789\789.mid,3,PIANO,192.76096,200.16836,101760,105600,65.999993,4/4,2,7.4074,16,39,67,28,2.160002,0.377535,0.663761,0.732813,true,true,0.864197,false,true,0,minor,0.6875,POP909 local repository includes MIT LICENSE; cite POP909 ISMIR 2020.,pop909-ismir2020,public_addition,a5de09aa848795ceb6153358e18db1323bc7b3a7
P040,public_midi_extract,POP909,song_064,POP909 064 PIANO 8s,chromatic_outside,two_bar_pop909_piano,POP909 PIANO segment from song_064; selected for chromatic_outside.,D:\Mickey\MFP\ab_tests\calls_100_public_final\calls\P040_pop909_chromatic_outside_064_piano.mid,D:\Mickey\MFP\ab_tests\pop909_extracted\POP909-Dataset-master\POP909\064\064.mid,3,PIANO,8,16,3840,7680,60,4/4,2,8,23,24,52,28,2.875,0.289474,0.091161,0.086719,true,true,1.283333,false,true,3,minor,0.695652,POP909 local repository includes MIT LICENSE; cite POP909 ISMIR 2020.,pop909-ismir2020,public_addition,4d19a21b3d327c42000f0960fde7cf1a8005e969
P041,public_midi_extract,POP909,song_796,POP909 796 PIANO 51.892s,chromatic_outside,two_bar_pop909_piano,POP909 PIANO segment from song_796; selected for chromatic_outside.,D:\Mickey\MFP\ab_tests\calls_100_public_final\calls\P041_pop909_chromatic_outside_796_piano.mid,D:\Mickey\MFP\ab_tests\pop909_extracted\POP909-Dataset-master\POP909\796\796.mid,3,PIANO,51.891904,58.378392,30720,34560,73.999983,4/4,2,6.486488,20,40,65,25,3.083333,0.405406,0,0.754688,true,false,0.285473,false,true,1,major,0.7,POP909 local repository includes MIT LICENSE; cite POP909 ISMIR 2020.,pop909-ismir2020,public_addition,7ec56586bf374bbc62b2d52b3c04dac543375b77
P042,public_midi_extract,POP909,song_254,POP909 254 PIANO 140.726s,chromatic_outside,two_bar_pop909_piano,POP909 PIANO segment from song_254; selected for chromatic_outside.,D:\Mickey\MFP\ab_tests\calls_100_public_final\calls\P042_pop909_chromatic_outside_254_piano.mid,D:\Mickey\MFP\ab_tests\pop909_extracted\POP909-Dataset-master\POP909\254\254.mid,3,PIANO,140.726215,143.998939,123840,126720,108.999944,6/8,2,3.272724,24,50,71,21,7.333341,0.26033,0.108072,0.578125,true,false,0.130682,false,true,3,minor,0.708333,POP909 local repository includes MIT LICENSE; cite POP909 ISMIR 2020.,pop909-ismir2020,public_addition,186ec12abf8a13a872b759e8c3a4777ce7203bee
P043,public_midi_extract,POP909,song_311,POP909 311 BRIDGE 3.75s,chromatic_outside,two_bar_pop909_bridge,POP909 BRIDGE segment from song_311; selected for chromatic_outside.,D:\Mickey\MFP\ab_tests\calls_100_public_final\calls\P043_pop909_chromatic_outside_311_bridge.mid,D:\Mickey\MFP\ab_tests\pop909_extracted\POP909-Dataset-master\POP909\311\311.mid,2,BRIDGE,3.75,11.25,1920,5760,64,4/4,2,7.5,14,40,73,33,1.866667,0.552885,0.563752,0.322135,true,false,0.148438,false,true,1,major,0.714286,POP909 local repository includes MIT LICENSE; cite POP909 ISMIR 2020.,pop909-ismir2020,public_addition,bd8624e3fe5503b255cd81d4f7a151a11bacdf3d
P044,public_midi_extract,POP909,song_322,POP909 322 BRIDGE 8s,false_ending_pause,two_bar_pop909_bridge,POP909 BRIDGE segment from song_322; selected for false_ending_pause.,D:\Mickey\MFP\ab_tests\calls_100_public_final\calls\P044_pop909_false_ending_pause_322_bridge.mid,D:\Mickey\MFP\ab_tests\pop909_extracted\POP909-Dataset-master\POP909\322\322.mid,2,BRIDGE,8,16,3840,7680,60,4/4,2,8,7,64,74,10,0.875,0.5,0.080687,0.004687,true,true,3.366667,true,false,0,major,1,POP909 local repository includes MIT LICENSE; cite POP909 ISMIR 2020.,pop909-ismir2020,public_addition,c1a264f2b2a132a2ffd2e5ccb69912c3ab0da873
P045,public_midi_extract,POP909,song_008,POP909 008 BRIDGE 11.077s,false_ending_pause,two_bar_pop909_bridge,POP909 BRIDGE segment from song_008; selected for false_ending_pause.,D:\Mickey\MFP\ab_tests\calls_100_public_final\calls\P045_pop909_false_ending_pause_008_bridge.mid,D:\Mickey\MFP\ab_tests\pop909_extracted\POP909-Dataset-master\POP909\008\008.mid,2,BRIDGE,11.076924,18.46154,5760,9600,64.999995,4/4,2,7.384616,7,62,70,8,0.947917,0.5,0.408852,0,false,true,2.507693,false,false,0,minor,1,POP909 local repository includes MIT LICENSE; cite POP909 ISMIR 2020.,pop909-ismir2020,public_addition,581bc020ecb90860d3be0ba5ea540d8141866ee6
P046,public_midi_extract,POP909,song_253,POP909 253 BRIDGE 10.909s,false_ending_pause,two_bar_pop909_bridge,POP909 BRIDGE segment from song_253; selected for false_ending_pause.,D:\Mickey\MFP\ab_tests\calls_100_public_final\calls\P046_pop909_false_ending_pause_253_bridge.mid,D:\Mickey\MFP\ab_tests\pop909_extracted\POP909-Dataset-master\POP909\253\253.mid,2,BRIDGE,10.90908,18.1818,5760,9600,66.000066,4/4,2,7.27272,7,64,76,12,0.962501,0.681818,0.533001,0.003906,true,true,1.278408,true,false,0,major,1,POP909 local repository includes MIT LICENSE; cite POP909 ISMIR 2020.,pop909-ismir2020,public_addition,1daa4b4a0d240fb5d0ae14f85c737bd2ced6f301
P047,public_midi_extract,POP909,song_396,POP909 396 MELODY 8.045s,false_ending_pause,two_bar_pop909_melody,POP909 MELODY segment from song_396; selected for false_ending_pause.,D:\Mickey\MFP\ab_tests\calls_100_public_final\calls\P047_pop909_false_ending_pause_396_melody.mid,D:\Mickey\MFP\ab_tests\pop909_extracted\POP909-Dataset-master\POP909\396\396.mid,1,MELODY,8.044692,13.40782,5760,9600,89.500008,4/4,2,5.363128,7,78,87,9,1.305208,0.335195,0.167598,0,false,true,1.49581,true,false,1,minor,1,POP909 local repository includes MIT LICENSE; cite POP909 ISMIR 2020.,pop909-ismir2020,public_addition,50f2b894881fe159f77f3174062f79a4e91e53fd
P048,public_midi_extract,POP909,song_234,POP909 234 BRIDGE 0s,repetition_tail,two_bar_pop909_bridge,POP909 BRIDGE segment from song_234; selected for repetition_tail.,D:\Mickey\MFP\ab_tests\calls_100_public_final\calls\P048_pop909_repetition_tail_234_bridge.mid,D:\Mickey\MFP\ab_tests\pop909_extracted\POP909-Dataset-master\POP909\234\234.mid,2,BRIDGE,0,4,0,3840,120,4/4,2,4,8,72,80,8,2,0.428571,0.447499,0,false,true,0.85625,true,false,0,minor,1,POP909 local repository includes MIT LICENSE; cite POP909 ISMIR 2020.,pop909-ismir2020,public_addition,739b97af55e88628681a1974233d3af1fb475d04
P049,public_midi_extract,POP909,song_282,POP909 282 BRIDGE 0s,repetition_tail,two_bar_pop909_bridge,POP909 BRIDGE segment from song_282; selected for repetition_tail.,D:\Mickey\MFP\ab_tests\calls_100_public_final\calls\P049_pop909_repetition_tail_282_bridge.mid,D:\Mickey\MFP\ab_tests\pop909_extracted\POP909-Dataset-master\POP909\282\282.mid,2,BRIDGE,0,6.575336,0,3840,73.000072,4/4,2,6.575336,8,62,69,7,1.216668,0.528375,0.185652,0,false,true,1.657533,true,false,2,major,1,POP909 local repository includes MIT LICENSE; cite POP909 ISMIR 2020.,pop909-ismir2020,public_addition,c274c72d5f2f9db222725c42b787fcfc7d9340d9
P050,public_midi_extract,POP909,song_340,POP909 340 BRIDGE 0s,repetition_tail,two_bar_pop909_bridge,POP909 BRIDGE segment from song_340; selected for repetition_tail.,D:\Mickey\MFP\ab_tests\calls_100_public_final\calls\P050_pop909_repetition_tail_340_bridge.mid,D:\Mickey\MFP\ab_tests\pop909_extracted\POP909-Dataset-master\POP909\340\340.mid,2,BRIDGE,0,5.245888,0,3840,91.500238,4/4,2,5.245888,8,84,89,5,1.525004,0.491802,0.501499,0,false,true,1.703547,true,false,0,minor,1,POP909 local repository includes MIT LICENSE; cite POP909 ISMIR 2020.,pop909-ismir2020,public_addition,b993c0abd6678dda66af4dd8dfaf8d1067f0a1db
